{
    "validation": {
        "accuracy": 0.9053166045241873,
        "precision": 0.12447756486081539,
        "recall": 0.706738303111708,
        "f1": 0.21167320392906233,
        "roc_auc": 0.9011495072589963,
        "threshold": 0.05,
        "confusion_matrix": [
            [
                221682,
                22205
            ],
            [
                1310,
                3157
            ]
        ]
    },
    "test": {
        "accuracy": 0.9058793591073373,
        "precision": 0.12518236600063432,
        "recall": 0.706967580154039,
        "f1": 0.21270174871338884,
        "roc_auc": 0.9033035298894123,
        "threshold": 0.05,
        "confusion_matrix": [
            [
                277276,
                27583
            ],
            [
                1636,
                3947
            ]
        ]
    }
}